Workbook

Sheet Product Backlog
A1: Product Backlog - AI Customer Support Platform (MVP)
A2: SIMULATED PROJECT - Self-directed portfolio case study. Not professional experience, not client work, not employment. All people, figures and outcomes are fictional.
A3: Baseline v1.0 prepared in Weeks 1-2 and ordered by planned sprint. Story points are relative estimates (Fibonacci, max 8) from the simulated team's planning. Status shows backlog readiness at baseline (Draft / Refined / Ready). Priority uses MoSCoW against the 10-week MVP. Post-MVP items sit at the bottom and are excluded from totals.
A5: ID | B5: Epic ID | C5: Epic | D5: User Story | E5: Priority | F5: Story Points | G5: Sprint | H5: Dependency | I5: Acceptance Criteria | J5: Req. Ref. | K5: Status
A6: US-01 | B6: EP-1 | C6: Platform Foundation & DevOps | D6: As a developer, I want automated dev/staging/production environments with a CI/CD pipeline, so that every change is built, tested and released consistently. | E6: Must | F6: 5 | G6: 1 | H6: None | I6: 1) Given a merged pull request, when the pipeline runs, then build, lint and unit tests execute and the build deploys to staging automatically. 2) Given a failing test, when the pipeline runs, then deployment is blocked and the team is notified. 3) Given the three environments, then each has its own secrets and database, and TLS is enabled. | J6: NFR-07, TR-01, TR-02, SR-01 | K6: Ready
A7: US-02 | B7: EP-1 | C7: Platform Foundation & DevOps | D7: As a developer, I want a versioned core data model for users, articles, conversations, messages, escalations and events, so that all features share one consistent schema. | E7: Must | F7: 5 | G7: 1 | H7: None | I7: 1) Given an empty database, when migrations run, then all core tables are created with no manual steps. 2) Given a stored conversation, then each message keeps text, timestamp, citations and the model/prompt version used. 3) Given the staging database, then encryption at rest and daily backups are enabled. | J7: NFR-09, TR-03, SR-01, AIR-08 | K7: Ready
A8: US-03 | B8: EP-1 | C8: Platform Foundation & DevOps | D8: As the Product Owner, I want a clickable prototype of the chat, admin, agent-console and dashboard screens, so that usability issues are found before development starts. | E8: Must | F8: 5 | G8: 1 | H8: None | I8: 1) Given the prototype, then every MVP screen has a wireframe including empty, loading and error states. 2) Given the four core user flows (ask a question, escalate, publish an article, resolve an escalation), then each can be clicked through end-to-end. 3) Given the prototype, then the Product Owner approves it as part of the UX baseline (M2). | J8: NFR-04 | K8: Ready
A9: US-04 | B9: EP-2 | C9: Identity, Access & Security | D9: As a Support Agent, Manager or Admin, I want to sign in with my work email and password, so that only authorised staff can use internal tools. | E9: Must | F9: 5 | G9: 1 | H9: US-02 | I9: 1) Given valid credentials, when I sign in, then I reach my home screen and the session expires after 30 minutes of inactivity. 2) Given 5 consecutive failed attempts, then the account is locked for 15 minutes. 3) Given any stored password, then it is hashed with bcrypt or argon2 and never written to logs. | J9: FR-01, SR-02 | K9: Ready
A10: US-05 | B10: EP-2 | C10: Identity, Access & Security | D10: As an Admin, I want role-based access (Customer, Agent, Manager, Admin), so that each user only sees what their role allows. | E10: Must | F10: 3 | G10: 1 | H10: US-04 | I10: 1) Given the permission matrix, when a user calls an endpoint outside their role, then the API returns 403 and the attempt is logged. 2) Given two customer accounts, then neither can read the other's conversations. 3) Given an Admin, when they assign or revoke a staff role, then the change applies at next sign-in. | J10: FR-02, SR-06 | K10: Ready
A11: US-11 | B11: EP-4 | C11: AI Assistant (RAG) | D11: As the Product Owner, I want a time-boxed evaluation of LLM and embedding options, so that we choose a provider based on answer quality, cost, latency and data-handling terms. | E11: Must | F11: 5 | G11: 1 | H11: None | I11: 1) Given a 30-question sample, then at least 2 LLM and 2 embedding options are scored on quality, latency, cost per 1,000 conversations and data terms. 2) Given the results, then a recommendation plus a fallback option is approved by the Product Owner and the Security & Privacy Officer by end of Sprint 1. 3) Given the 7-working-day time-box, then the spike ends with a documented decision rather than a prototype. | J11: TR-04, AIR-06 | K11: Ready
A12: US-09 | B12: EP-3 | C12: Knowledge Base Management | D12: As an Admin, I want to create, edit, publish and unpublish knowledge-base articles, so that the AI assistant answers from current, approved content. | E12: Must | F12: 5 | G12: 2 | H12: US-02, US-05 | I12: 1) Given a saved draft, then it is invisible to the AI; given a published article, then it is searchable by the AI within 5 minutes. 2) Given an article, then title, category, body and review date are mandatory and validation messages are shown. 3) Given an unpublish action, then the article stops appearing in AI answers within 5 minutes. | J12: FR-04, FR-06 | K12: Ready
A13: US-10 | B13: EP-3 | C13: Knowledge Base Management | D13: As an Admin, I want to bulk-import articles from CSV or Markdown files, so that the existing help-center articles can be loaded without manual re-entry. | E13: Should | F13: 5 | G13: 2 | H13: US-09 | I13: 1) Given a valid file of 300 rows, when I import, then all rows are created and a summary shows imported and rejected counts. 2) Given invalid rows, then they are rejected with row number and reason while valid rows still import. 3) Given imported articles, then they default to Draft until an Admin publishes them. | J13: FR-05 | K13: Ready
A14: US-12 | B14: EP-4 | C14: AI Assistant (RAG) | D14: As an Admin, I want published articles to be processed into a searchable index automatically, so that the assistant can retrieve relevant content. | E14: Must | F14: 8 | G14: 2 | H14: US-02, US-11 | I14: 1) Given a published article, then it is chunked, embedded and searchable within 5 minutes. 2) Given an unpublished or deleted article, then its chunks are removed from the index within 5 minutes. 3) Given the full article set, then a re-index job rebuilds the index in under 30 minutes. | J14: FR-06, TR-03 | K14: Ready
A15: US-13 | B15: EP-4 | C15: AI Assistant (RAG) | D15: As a Customer, I want clear answers with links to the articles they come from, so that I can trust and verify the answer. | E15: Must | F15: 8 | G15: 2 | H15: US-12 | I15: 1) Given a question covered by the KB, then the answer is generated only from retrieved passages and shows at least one source link. 2) Given any answer, then the model, prompt and retrieval-settings versions are stored with it. 3) Given a conversation, then a per-conversation token cap is enforced and response time is logged. | J15: FR-07, TR-04, TR-05, AIR-01, AIR-07, AIR-08 | K15: Ready
A16: US-14 | B16: EP-4 | C16: AI Assistant (RAG) | D16: As a Customer, I want the assistant to admit when it does not know and offer a human, so that I never receive a made-up answer. | E16: Must | F16: 5 | G16: 2 | H16: US-13 | I16: 1) Given retrieval confidence below the threshold, then the assistant shows the fallback message and offers escalation instead of an answer. 2) Given an out-of-scope request (legal advice, refund approval, account-specific action), then the assistant declines and offers escalation. 3) Given the unanswerable questions in the golden set, then at least 95% trigger the fallback. | J16: FR-08, FR-09, AIR-03, AIR-04 | K16: Ready
A17: US-15 | B17: EP-4 | C17: AI Assistant (RAG) | D17: As the Product Owner, I want a golden set of at least 100 reviewed questions and an evaluation routine, so that answer quality is measured objectively every sprint. | E17: Must | F17: 5 | G17: 2 | H17: US-09 | I17: 1) Given the golden set, then it holds at least 100 questions including 20 unanswerable and 10 adversarial ones, each with an approved reference article. 2) Given the evaluation script, then it outputs accuracy, grounded-answer rate and fallback rate in one report. 3) Given the Sprint 2 build, then the script runs end-to-end and results are shared at the Sprint 2 review. | J17: AIR-02, AIR-03 | K17: Ready
... A35: US-30 | B35: EP-9 | C35: Release Readiness | D35: As a Support Agent or Admin, I want short practical guides and a training session, so that I can use the platform confidently from day one. | E35: Should | F35: 3 | G35: 5 | H35: US-09, US-21 | I35: 1) Given the guides, then an Admin guide and an Agent guide of at most 6 pages each are published. 2) Given a 60-minute training session, then at least 90% of attendees complete the practice tasks. 3) Given the guides, then a one-page 'what the AI can and cannot answer' reference is included. | J35: NFR-04 | K35: Draft
A36: US-31 | B36: EP-3 | C36: Knowledge Base Management | D36: As an Admin, I want version history and restore for KB articles, so that I can undo a bad edit. | E36: Could | F36: TBD | G36: Post-MVP | H36: US-09 | I36: Post-MVP. Could Have - first candidate if capacity appears. | J36: - | K36: Parked
A37: US-32 | B37: EP-6 | C37: Escalation & Agent Console | D37: As a Support Manager, I want negative customer sentiment to trigger automatic escalation, so that frustrated customers reach a person sooner. | E37: Could | F37: TBD | G37: Post-MVP | H37: US-19 | I37: Post-MVP. Needs sentiment evaluation; MVP uses explicit request and low-confidence triggers only. | J37: - | K37: Parked
A38: US-33 | B38: EP-6 | C38: Escalation & Agent Console | D38: As an Agent, I want escalations synced to our existing helpdesk/CRM, so that I work in one tool. | E38: Won't | F38: TBD | G38: Post-MVP | H38: US-21 | I38: Won't Have (this release). Integration risk too high for 10 weeks; MVP agent console is standalone. | J38: - | K38: Parked
A39: US-34 | B39: EP-5 | C39: Customer Chat Experience | D39: As a Customer, I want to chat in Spanish, so that I can use my preferred language. | E39: Won't | F39: TBD | G39: Post-MVP | H39: US-13 | I39: Won't Have (this release). Raised as CR-001, assessed and deferred - see 21_Change_Request. | J39: - | K39: Parked
A40: US-35 | B40: EP-5 | C40: Customer Chat Experience | D40: As a Customer, I want to reach support from a mobile app or by voice, so that I can get help on the move. | E40: Won't | F40: TBD | G40: Post-MVP | H40: US-16 | I40: Won't Have (this release). Web chat is responsive; no native app or voice channel. | J40: - | K40: Parked

Sheet Summary
A1: Backlog Summary (formula-driven from 'Product Backlog')
A2: SIMULATED PROJECT - Self-directed portfolio case study. Not professional experience, not client work, not employment. All people, figures and outcomes are fictional.
A3: All figures recalculate if stories, points, sprints or priorities are edited.
A6: Sprint | B6: Stories | C6: Story Points | D6: Must SP | E6: Should SP | F6: Cumulative SP | G6: Share of MVP SP
A7: 1 | B7: =COUNTIFS('Product Backlog'!$G$6:$G$40,A7) -> 6 | C7: =SUMIFS('Product Backlog'!$F$6:$F$40,'Product Backlog'!$G$6:$G$40,A7) -> 28 | D7: =SUMIFS('Product Backlog'!$F$6:$F$40,'Product Backlog'!$G$6:$G$40,A7,'Product Backlog'!$E$6:$E$40,"Must") -> 28 | E7: =SUMIFS('Product Backlog'!$F$6:$F$40,'Product Backlog'!$G$6:$G$40,A7,'Product Backlog'!$E$6:$E$40,"Should") -> 0 | F7: =SUM($C$7:C7) -> 28 | G7: =C7/$C$12 -> 0.17391304
A8: 2 | B8: =COUNTIFS('Product Backlog'!$G$6:$G$40,A8) -> 6 | C8: =SUMIFS('Product Backlog'!$F$6:$F$40,'Product Backlog'!$G$6:$G$40,A8) -> 36 | D8: =SUMIFS('Product Backlog'!$F$6:$F$40,'Product Backlog'!$G$6:$G$40,A8,'Product Backlog'!$E$6:$E$40,"Must") -> 31 | E8: =SUMIFS('Product Backlog'!$F$6:$F$40,'Product Backlog'!$G$6:$G$40,A8,'Product Backlog'!$E$6:$E$40,"Should") -> 5 | F8: =SUM($C$7:C8) -> 64 | G8: =C8/$C$12 -> 0.22360248
A9: 3 | B9: =COUNTIFS('Product Backlog'!$G$6:$G$40,A9) -> 6 | C9: =SUMIFS('Product Backlog'!$F$6:$F$40,'Product Backlog'!$G$6:$G$40,A9) -> 34 | D9: =SUMIFS('Product Backlog'!$F$6:$F$40,'Product Backlog'!$G$6:$G$40,A9,'Product Backlog'!$E$6:$E$40,"Must") -> 31 | E9: =SUMIFS('Product Backlog'!$F$6:$F$40,'Product Backlog'!$G$6:$G$40,A9,'Product Backlog'!$E$6:$E$40,"Should") -> 3 | F9: =SUM($C$7:C9) -> 98 | G9: =C9/$C$12 -> 0.21118012
A10: 4 | B10: =COUNTIFS('Product Backlog'!$G$6:$G$40,A10) -> 6 | C10: =SUMIFS('Product Backlog'!$F$6:$F$40,'Product Backlog'!$G$6:$G$40,A10) -> 34 | D10: =SUMIFS('Product Backlog'!$F$6:$F$40,'Product Backlog'!$G$6:$G$40,A10,'Product Backlog'!$E$6:$E$40,"Must") -> 34 | E10: =SUMIFS('Product Backlog'!$F$6:$F$40,'Product Backlog'!$G$6:$G$40,A10,'Product Backlog'!$E$6:$E$40,"Should") -> 0 | F10: =SUM($C$7:C10) -> 132 | G10: =C10/$C$12 -> 0.21118012
A11: 5 | B11: =COUNTIFS('Product Backlog'!$G$6:$G$40,A11) -> 6 | C11: =SUMIFS('Product Backlog'!$F$6:$F$40,'Product Backlog'!$G$6:$G$40,A11) -> 29 | D11: =SUMIFS('Product Backlog'!$F$6:$F$40,'Product Backlog'!$G$6:$G$40,A11,'Product Backlog'!$E$6:$E$40,"Must") -> 23 | E11: =SUMIFS('Product Backlog'!$F$6:$F$40,'Product Backlog'!$G$6:$G$40,A11,'Product Backlog'!$E$6:$E$40,"Should") -> 6 | F11: =SUM($C$7:C11) -> 161 | G11: =C11/$C$12 -> 0.18012422
A12: Total MVP | B12: =SUM(B7:B11) -> 30 | C12: =SUM(C7:C11) -> 161 | D12: =SUM(D7:D11) -> 147 | E12: =SUM(E7:E11) -> 14 | F12: =C12 -> 161 | G12: =SUM(G7:G11) -> 1
A14: By priority (MoSCoW)
A15: Priority | B15: Stories | C15: Story Points | D15: Share of MVP SP
A16: Must | B16: =COUNTIFS('Product Backlog'!$E$6:$E$40,A16) -> 26 | C16: =SUMIFS('Product Backlog'!$F$6:$F$40,'Product Backlog'!$E$6:$E$40,A16) -> 147 | D16: =C16/$C$12 -> 0.91304348
A17: Should | B17: =COUNTIFS('Product Backlog'!$E$6:$E$40,A17) -> 4 | C17: =SUMIFS('Product Backlog'!$F$6:$F$40,'Product Backlog'!$E$6:$E$40,A17) -> 14 | D17: =C17/$C$12 -> 0.086956522
A18: Could | B18: =COUNTIFS('Product Backlog'!$E$6:$E$40,A18) -> 2 | C18: =SUMIFS('Product Backlog'!$F$6:$F$40,'Product Backlog'!$E$6:$E$40,A18) -> 0 | D18: =C18/$C$12 -> 0
A19: Won't | B19: =COUNTIFS('Product Backlog'!$E$6:$E$40,A19) -> 3 | C19: =SUMIFS('Product Backlog'!$F$6:$F$40,'Product Backlog'!$E$6:$E$40,A19) -> 0 | D19: =C19/$C$12 -> 0
A22: By epic
A23: Epic ID | B23: Epic | C23: Stories (MVP) | D23: Story Points
A24: EP-1 | B24: Platform Foundation & DevOps | C24: =COUNTIFS('Product Backlog'!$B$6:$B$40,A24,'Product Backlog'!$G$6:$G$40,">0") -> 3 | D24: =SUMIFS('Product Backlog'!$F$6:$F$40,'Product Backlog'!$B$6:$B$40,A24) -> 15
A25: EP-2 | B25: Identity, Access & Security | C25: =COUNTIFS('Product Backlog'!$B$6:$B$40,A25,'Product Backlog'!$G$6:$G$40,">0") -> 5 | D25: =SUMIFS('Product Backlog'!$F$6:$F$40,'Product Backlog'!$B$6:$B$40,A25) -> 21
A26: EP-3 | B26: Knowledge Base Management | C26: =COUNTIFS('Product Backlog'!$B$6:$B$40,A26,'Product Backlog'!$G$6:$G$40,">0") -> 2 | D26: =SUMIFS('Product Backlog'!$F$6:$F$40,'Product Backlog'!$B$6:$B$40,A26) -> 10
A27: EP-4 | B27: AI Assistant (RAG) | C27: =COUNTIFS('Product Backlog'!$B$6:$B$40,A27,'Product Backlog'!$G$6:$G$40,">0") -> 5 | D27: =SUMIFS('Product Backlog'!$F$6:$F$40,'Product Backlog'!$B$6:$B$40,A27) -> 31
A28: EP-5 | B28: Customer Chat Experience | C28: =COUNTIFS('Product Backlog'!$B$6:$B$40,A28,'Product Backlog'!$G$6:$G$40,">0") -> 3 | D28: =SUMIFS('Product Backlog'!$F$6:$F$40,'Product Backlog'!$B$6:$B$40,A28) -> 16
A29: EP-6 | B29: Escalation & Agent Console | C29: =COUNTIFS('Product Backlog'!$B$6:$B$40,A29,'Product Backlog'!$G$6:$G$40,">0") -> 4 | D29: =SUMIFS('Product Backlog'!$F$6:$F$40,'Product Backlog'!$B$6:$B$40,A29) -> 26
A30: EP-7 | B30: Analytics & Reporting | C30: =COUNTIFS('Product Backlog'!$B$6:$B$40,A30,'Product Backlog'!$G$6:$G$40,">0") -> 2 | D30: =SUMIFS('Product Backlog'!$F$6:$F$40,'Product Backlog'!$B$6:$B$40,A30) -> 11
A31: EP-8 | B31: Privacy & Data Protection | C31: =COUNTIFS('Product Backlog'!$B$6:$B$40,A31,'Product Backlog'!$G$6:$G$40,">0") -> 2 | D31: =SUMIFS('Product Backlog'!$F$6:$F$40,'Product Backlog'!$B$6:$B$40,A31) -> 10
A32: EP-9 | B32: Release Readiness | C32: =COUNTIFS('Product Backlog'!$B$6:$B$40,A32,'Product Backlog'!$G$6:$G$40,">0") -> 4 | D32: =SUMIFS('Product Backlog'!$F$6:$F$40,'Product Backlog'!$B$6:$B$40,A32) -> 21
A33: Total | C33: =SUM(C24:C32) -> 30 | D33: =SUM(D24:D32) -> 161 | E33: =IF(D33=C12,"OK - matches sprint total","CHECK - mismatch") -> OK - matches sprint total
