Workbook

Sheet Risk Register
A1: Risk Register - AI Customer Support Platform
A2: SIMULATED PROJECT - Self-directed portfolio case study. Not professional experience, not client work, not employment. All people, figures and outcomes are fictional.
A3: Score = Probability x Impact. Rating: 1-4 Low, 5-9 Medium, 10-14 High, 15-25 Critical. Residual = target score after mitigation. Status reflects the simulated end of Sprint 2 (30 Jan 2026) and matches 13_Project_Status_Report. Blue = scoring inputs.
A5: Risk ID | B5: Risk | C5: Category | D5: Probability (1-5) | E5: Impact (1-5) | F5: Score | G5: Rating | H5: Owner (role) | I5: Mitigation (preventive) | J5: Contingency (if it happens) | K5: Trigger / early warning | L5: Residual P | M5: Residual I | N5: Residual Score | O5: Status (as at 30 Jan 2026, simulated)
A6: R01 | B6: AI hallucination: the assistant states something not supported by the knowledge base (for example a wrong billing rule). | C6: AI / Quality | D6: 4 | E6: 5 | F6: =D6*E6 -> 20 | G6: =IF(F6>=15,"Critical",IF(F6>=10,"High",IF(F6>=5,"Medium","Low"))) -> Critical | H6: AI/ML Engineer | I6: Answer only from retrieved passages with citations (AIR-01); similarity threshold with 'I don't know' fallback (US-14); golden + adversarial set evaluated every sprint with a go-live gate of >= 85% accuracy and <= 5% unsupported answers; weekly human sample review during pilot. | J6: Raise the threshold so more questions escalate; switch to 'search results only' mode (no generated text) for affected categories; kill-switch disables AI answers and routes everything to agents. | K6: Unsupported-answer rate above 5% in any evaluation run, or any customer-reported wrong answer on billing, legal or security topics. | L6: 2 | M6: 5 | N6: =L6*M6 -> 10 | O6: Mitigating - guardrails built in Sprint 2; first formal evaluation run in Sprint 3
A7: R02 | B7: Incorrect or irrelevant answers because retrieval picks the wrong passages (ambiguous questions, poor chunking). | C7: AI / Quality | D7: 3 | E7: 4 | F7: =D7*E7 -> 12 | G7: =IF(F7>=15,"Critical",IF(F7>=10,"High",IF(F7>=5,"Medium","Low"))) -> High | H7: AI/ML Engineer | I7: Chunking and ranking tuned in Sprint 2-3; evaluation reports list failing questions by cause; clarifying-question fallback; retrieval settings versioned (AIR-08). | J7: Restrict pilot to the 10 best-covered categories; add manual 'pinned' answers for top questions; increase escalation offers. | K7: Accuracy below 85% for two consecutive evaluation runs, or more than 15% of failures traced to retrieval. | L7: 2 | M7: 4 | N7: =L7*M7 -> 8 | O7: Mitigating - tuning planned in WBS 5.4
A8: R03 | B8: Poor knowledge-base content: duplicate, outdated or conflicting articles produce wrong answers. | C8: Data / Content | D8: 4 | E8: 4 | F8: =D8*E8 -> 16 | G8: =IF(F8>=15,"Critical",IF(F8>=10,"High",IF(F8>=5,"Medium","Low"))) -> Critical | H8: Product Manager | I8: Content audit and cleanup before indexing (WBS 6.3) with Support SMEs; named content owner per category; mandatory review date per article (FR-04); fallback topics report to find gaps. | J8: Publish only audited articles at pilot; unpublish disputed articles; extend cleanup into Sprint 3 with an extra SME day per week. | K8: More than 10% of audited articles flagged outdated or conflicting, or golden-set failures traced to content exceed 15%. | L8: 2 | M8: 4 | N8: =L8*M8 -> 8 | O8: Occurred (partly) - audit found 41 duplicates and 52 outdated articles; 17 still open (Issue I-02)
A9: R04 | B9: Data privacy: personal data is sent to the LLM provider, retained too long, or cannot be deleted on request. | C9: Security / Privacy | D9: 3 | E9: 5 | F9: =D9*E9 -> 15 | G9: =IF(F9>=15,"Critical",IF(F9>=10,"High",IF(F9>=5,"Medium","Low"))) -> Critical | H9: Backend Developer | I9: PII redaction before every LLM call (US-25); written provider terms with no training and minimal retention (AIR-06); 90-day retention and deletion tooling (US-26); data-minimising event design (US-23). | J9: Suspend LLM calls and run in search-only mode; invoke incident process with the Security & Privacy Officer; notify affected customers if required by policy. | K9: Provider terms still unconfirmed by end of Sprint 2 (6 Feb); redaction test below 100% on the seeded set; any real personal data found in logs. | L9: 1 | M9: 5 | N9: =L9*M9 -> 5 | O9: Open - provider terms awaiting Legal confirmation (Dependency D-01)
A10: R05 | B10: Security vulnerabilities: broken access control, injection or prompt injection exposing data or tampering with answers. | C10: Security / Privacy | D10: 3 | E10: 5 | F10: =D10*E10 -> 15 | G10: =IF(F10>=15,"Critical",IF(F10>=10,"High",IF(F10>=5,"Medium","Low"))) -> Critical | H10: Backend Developer | I10: RBAC (US-05); rate limiting and validation (US-07); at least 20 prompt-injection cases; dependency scan in CI; dedicated security testing in Week 8 (WBS 9.3); Security & Privacy Officer review before Go/No-Go. | J10: Hold go-live until Critical/High findings are fixed; temporarily disable affected feature; targeted retest. | K10: Any Critical/High finding from scans or testing; failed access-control test. | L10: 2 | M10: 4 | N10: =L10*M10 -> 8 | O10: Open - hardening planned for Sprint 4
A11: R06 | B11: LLM API dependency: provider outage, rate limits, latency spikes or model changes. | C11: External / Technical | D11: 3 | E11: 4 | F11: =D11*E11 -> 12 | G11: =IF(F11>=15,"Critical",IF(F11>=10,"High",IF(F11>=5,"Medium","Low"))) -> High | H11: AI/ML Engineer | I11: Provider abstraction layer (TR-04); pinned model version; timeouts, retries and graceful fallback message; secondary model validated in the Sprint 1 spike; rate-limit behaviour tested (US-27). | J11: Switch to the fallback model/provider; run in search-only mode with escalation. | K11: LLM error rate above 2% or p95 latency above 8 seconds for one hour. | L11: 2 | M11: 3 | N11: =L11*M11 -> 6 | O11: Monitoring - fallback model validated in spike
A12: R07 | B12: LLM cost overrun beyond the 1,500 USD API budget. | C12: Financial | D12: 3 | E12: 3 | F12: =D12*E12 -> 9 | G12: =IF(F12>=15,"Critical",IF(F12>=10,"High",IF(F12>=5,"Medium","Low"))) -> Medium | H12: Project Manager | I12: Per-conversation token cap (US-13); caching of repeated questions; cost metrics and alerts at 70% and 90% (US-29); weekly spend check at status review. | J12: Throttle usage, reduce retrieved passages, or use a smaller model; sponsor decides whether to extend budget. | K12: More than 70% of the LLM budget spent before Week 9, or projected pilot cost above budget. | L12: 2 | M12: 2 | N12: =L12*M12 -> 4 | O12: Monitoring - spend to 30 Jan well under plan
A13: R08 | B13: Scope creep: new feature requests (languages, integrations, extra channels) after the baseline. | C13: Scope | D13: 4 | E13: 4 | F13: =D13*E13 -> 16 | G13: =IF(F13>=15,"Critical",IF(F13>=10,"High",IF(F13>=5,"Medium","Low"))) -> Critical | H13: Project Manager | I13: Baselined scope with explicit Won't-Have list; MoSCoW; change-control process with impact assessment; Product Owner owns the backlog; changes only at sprint boundaries. | J13: Apply the de-scope order (Scope doc, section 6) to make room; move requests to post-MVP backlog. | K13: More than 2 unplanned stories requested per sprint; any request to change Must-Have scope after M2. | L13: 2 | M13: 3 | N13: =L13*M13 -> 6 | O13: Mitigating - CR-001 (Spanish) assessed and deferred
A14: R09 | B14: Development delays from under-estimation by a new team with no historical velocity. | C14: Schedule | D14: 4 | E14: 3 | F14: =D14*E14 -> 12 | G14: =IF(F14>=15,"Critical",IF(F14>=10,"High",IF(F14>=5,"Medium","Low"))) -> High | H14: Project Manager | I14: Conservative planning (Sprint 1 at 28 points); velocity tracked each sprint; weekly burn-up; early integration in Sprint 3; Sprint 5 contains Should-Have items that can be dropped. | J14: Apply the de-scope order; ask Sponsor for temporary extra capacity; re-plan Sprint 5 content. | K14: Sprint velocity below 85% of plan, or any milestone forecast to slip by more than 2 working days. | L14: 3 | M14: 2 | N14: =L14*M14 -> 6 | O14: Mitigating - Sprint 1 delivered 25 of 28 points; Sprint 2 delivered 34 of 36
A15: R10 | B15: Integration issues between UI, API, RAG service, database and email provider; end-to-end escalation flow breaks. | C15: Technical | D15: 3 | E15: 4 | F15: =D15*E15 -> 12 | G15: =IF(F15>=15,"Critical",IF(F15>=10,"High",IF(F15>=5,"Medium","Low"))) -> High | H15: Backend Developer | I15: Contract-first API (TR-05); staging from Week 1; integration tests in CI; dedicated integration work packages 8.1-8.3; weekly integrated demo from Sprint 3. | J15: Short integration swarm of Backend, Frontend and QA; simplify flow (email-based reply) if in-app reply fails. | K15: Integration tests red for more than 2 working days; 8.x task running late. | L15: 2 | M15: 3 | N15: =L15*M15 -> 6 | O15: Open - integration work starts Sprint 3
A16: R11 | B16: Performance issues: slow answers or failures under concurrent load. | C16: Technical | D16: 3 | E16: 3 | F16: =D16*E16 -> 9 | G16: =IF(F16>=15,"Critical",IF(F16>=10,"High",IF(F16>=5,"Medium","Low"))) -> Medium | H16: DevOps Engineer | I16: Early smoke test in Sprint 4; caching; limit retrieved passages; load test of 50 sessions (US-27); scale resources. | J16: Scale up instances; reduce context size; stream partial answers. | K16: p95 above 8 seconds at 25 concurrent sessions during the Sprint 4 smoke test. | L16: 2 | M16: 2 | N16: =L16*M16 -> 4 | O16: Open
A17: R12 | B17: Resource constraints and key-person dependency (single AI/ML Engineer; part-time UX, QA and DevOps). | C17: Resource | D17: 3 | E17: 4 | F17: =D17*E17 -> 12 | G17: =IF(F17>=15,"Critical",IF(F17>=10,"High",IF(F17>=5,"Medium","Low"))) -> High | H17: Project Manager | I17: Capacity plan by role; pair Backend and AI/ML on the RAG service; written handover notes; UX front-loaded to Weeks 1-4; backup named for each role. | J17: Request a backup from the engineering pool via the Sponsor; descope Should-Have items. | K17: Any key role unavailable for more than 3 working days, or planned capacity below 80%. | L17: 2 | M17: 3 | N17: =L17*M17 -> 6 | O17: Monitoring
... A22: R17 | B22: Post-launch knowledge-base drift: content is not maintained and answer quality decays. | C22: Operational | D22: 3 | E22: 3 | F22: =D22*E22 -> 9 | G22: =IF(F22>=15,"Critical",IF(F22>=10,"High",IF(F22>=5,"Medium","Low"))) -> Medium | H22: Product Manager | I22: Content owner per category; review-date field and monthly review; fallback-topics report in dashboard; handover to Support Operations at closure. | J22: Assign interim content owner; run a focused content sprint on top fallback topics. | K22: Fallback rate rising for 3 consecutive weeks, or more than 10% of articles past review date. | L22: 2 | M22: 2 | N22: =L22*M22 -> 4 | O22: Open - post-launch risk

Sheet Heat Map
A1: Risk Heat Map (live counts of risks per Probability x Impact cell)
A2: SIMULATED PROJECT - Self-directed portfolio case study. Not professional experience, not client work, not employment. All people, figures and outcomes are fictional.
A3: Counts are formulas on the register. Cell colour shows the rating band of the cell.
A6: Probability \ Impact | B6: 1 Negligible | C6: 2 Minor | D6: 3 Moderate | E6: 4 Major | F6: 5 Severe
A7: 5 Almost certain | B7: =COUNTIFS('Risk Register'!$D$6:$D$22,5,'Risk Register'!$E$6:$E$22,1) -> 0 | C7: =COUNTIFS('Risk Register'!$D$6:$D$22,5,'Risk Register'!$E$6:$E$22,2) -> 0 | D7: =COUNTIFS('Risk Register'!$D$6:$D$22,5,'Risk Register'!$E$6:$E$22,3) -> 0 | E7: =COUNTIFS('Risk Register'!$D$6:$D$22,5,'Risk Register'!$E$6:$E$22,4) -> 0 | F7: =COUNTIFS('Risk Register'!$D$6:$D$22,5,'Risk Register'!$E$6:$E$22,5) -> 0
A8: 4 Likely | B8: =COUNTIFS('Risk Register'!$D$6:$D$22,4,'Risk Register'!$E$6:$E$22,1) -> 0 | C8: =COUNTIFS('Risk Register'!$D$6:$D$22,4,'Risk Register'!$E$6:$E$22,2) -> 0 | D8: =COUNTIFS('Risk Register'!$D$6:$D$22,4,'Risk Register'!$E$6:$E$22,3) -> 1 | E8: =COUNTIFS('Risk Register'!$D$6:$D$22,4,'Risk Register'!$E$6:$E$22,4) -> 2 | F8: =COUNTIFS('Risk Register'!$D$6:$D$22,4,'Risk Register'!$E$6:$E$22,5) -> 1
A9: 3 Possible | B9: =COUNTIFS('Risk Register'!$D$6:$D$22,3,'Risk Register'!$E$6:$E$22,1) -> 0 | C9: =COUNTIFS('Risk Register'!$D$6:$D$22,3,'Risk Register'!$E$6:$E$22,2) -> 0 | D9: =COUNTIFS('Risk Register'!$D$6:$D$22,3,'Risk Register'!$E$6:$E$22,3) -> 6 | E9: =COUNTIFS('Risk Register'!$D$6:$D$22,3,'Risk Register'!$E$6:$E$22,4) -> 4 | F9: =COUNTIFS('Risk Register'!$D$6:$D$22,3,'Risk Register'!$E$6:$E$22,5) -> 2
A10: 2 Unlikely | B10: =COUNTIFS('Risk Register'!$D$6:$D$22,2,'Risk Register'!$E$6:$E$22,1) -> 0 | C10: =COUNTIFS('Risk Register'!$D$6:$D$22,2,'Risk Register'!$E$6:$E$22,2) -> 0 | D10: =COUNTIFS('Risk Register'!$D$6:$D$22,2,'Risk Register'!$E$6:$E$22,3) -> 1 | E10: =COUNTIFS('Risk Register'!$D$6:$D$22,2,'Risk Register'!$E$6:$E$22,4) -> 0 | F10: =COUNTIFS('Risk Register'!$D$6:$D$22,2,'Risk Register'!$E$6:$E$22,5) -> 0
A11: 1 Rare | B11: =COUNTIFS('Risk Register'!$D$6:$D$22,1,'Risk Register'!$E$6:$E$22,1) -> 0 | C11: =COUNTIFS('Risk Register'!$D$6:$D$22,1,'Risk Register'!$E$6:$E$22,2) -> 0 | D11: =COUNTIFS('Risk Register'!$D$6:$D$22,1,'Risk Register'!$E$6:$E$22,3) -> 0 | E11: =COUNTIFS('Risk Register'!$D$6:$D$22,1,'Risk Register'!$E$6:$E$22,4) -> 0 | F11: =COUNTIFS('Risk Register'!$D$6:$D$22,1,'Risk Register'!$E$6:$E$22,5) -> 0
A14: Rating | B14: Risks (current) | C14: Risks (residual target)
A15: Critical | B15: =COUNTIF('Risk Register'!$G$6:$G$22,A15) -> 5 | C15: =COUNTIFS('Risk Register'!$N$6:$N$22,">=15",'Risk Register'!$N$6:$N$22,"<=25") -> 0
A16: High | B16: =COUNTIF('Risk Register'!$G$6:$G$22,A16) -> 5 | C16: =COUNTIFS('Risk Register'!$N$6:$N$22,">=10",'Risk Register'!$N$6:$N$22,"<=14") -> 1
A17: Medium | B17: =COUNTIF('Risk Register'!$G$6:$G$22,A17) -> 7 | C17: =COUNTIFS('Risk Register'!$N$6:$N$22,">=5",'Risk Register'!$N$6:$N$22,"<=9") -> 9
A18: Low | B18: =COUNTIF('Risk Register'!$G$6:$G$22,A18) -> 0 | C18: =COUNTIFS('Risk Register'!$N$6:$N$22,">=1",'Risk Register'!$N$6:$N$22,"<=4") -> 7
A19: Total | B19: =SUM(B15:B18) -> 17 | C19: =SUM(C15:C18) -> 17

Sheet Scoring Guide
A1: Scoring Guide
A2: SIMULATED PROJECT - Self-directed portfolio case study. Not professional experience, not client work, not employment. All people, figures and outcomes are fictional.
A3: Scales used for this register (project-specific, set by the PM and agreed with the Product Manager).
A6: Score | B6: Probability | C6: Impact (schedule / cost / quality / reputation)
A7: 1 | B7: Rare: below 10% | C7: Negligible: under 1 day delay; under 200 USD; no customer effect.
A8: 2 | B8: Unlikely: 10-30% | C8: Minor: 1-2 days delay; 200-500 USD; internal rework of part of a story.
A9: 3 | B9: Possible: 30-50% | C9: Moderate: 3-5 days delay; 500-1,500 USD; one story re-done; small number of customers affected.
A10: 4 | B10: Likely: 50-75% | C10: Major: 1-2 weeks delay or a milestone missed; over 1,500 USD; customer-visible wrong answers.
A11: 5 | B11: Almost certain: over 75% | C11: Severe: go-live blocked; personal-data breach; serious reputational harm.
