Workbook

Sheet Sprint Overview
A1: Sprint Plan - AI Customer Support Platform (5 sprints x 2 weeks)
A2: SIMULATED PROJECT - Self-directed portfolio case study. Not professional experience, not client work, not employment. All people, figures and outcomes are fictional.
A3: This is a self-directed simulated PM project, and Scrum is being used as the proposed delivery methodology. No claim is made that this plan was executed in a real company. Planned stories and points are formulas on the 'Sprint Backlog' sheet. The full Product Backlog is in 04_Product_Backlog.xlsx.
A5: Sprint | B5: Start | C5: End | D5: Working days | E5: Theme | F5: Sprint goal | G5: Features | H5: Planned stories | I5: Planned story points | J5: Key dependencies | K5: Expected deliverables | L5: Review / demo
A6: Sprint 1 | B6: 46027 | C6: 46038 | D6: =NETWORKDAYS(B6,C6) -> 10 | E6: Foundation & Discovery | F6: Establish the delivery foundation: approved charter and requirements baseline, environments with CI/CD, core data model, staff authentication with roles, a UX prototype and an evidence-based LLM/retrieval recommendation. | G6: F01 Platform foundation; F02 Authentication (staff + roles); F05 UX prototype; F04 LLM/retrieval spike | H6: =COUNTIFS('Sprint Backlog'!$A$6:$A$35,1) -> 6 | I6: =SUMIFS('Sprint Backlog'!$F$6:$F$35,'Sprint Backlog'!$A$6:$A$35,1) -> 28 | J6: Sponsor approval of charter; cloud account and budget released; LLM provider sandbox access; Support SMEs available for interviews | K6: Approved Charter (M1); requirements baseline (M2); dev/staging environments + CI/CD; schema v1; staff login with RBAC; clickable prototype; LLM/embedding recommendation memo | L6: 46038
A7: Sprint 2 | B7: 46041 | C7: 46052 | D7: =NETWORKDAYS(B7,C7) -> 10 | E7: Knowledge Base & AI Core | F7: Make the knowledge base usable by the AI: admins can manage and bulk-import articles, published content is indexed, and the RAG service returns cited answers or a safe fallback, measured against a 100-question golden set. | G7: F03 Knowledge Base Management; F04 AI Assistant (ingestion, RAG answers, guardrails, golden set) | H7: =COUNTIFS('Sprint Backlog'!$A$6:$A$35,2) -> 6 | I7: =SUMIFS('Sprint Backlog'!$F$6:$F$35,'Sprint Backlog'!$A$6:$A$35,2) -> 36 | J7: Sprint 1 schema and RBAC; spike recommendation approved; cleaned KB export from Support (WBS 6.3); provider API keys | K7: Admin KB screens (create/edit/publish/import); ingestion pipeline and vector index; RAG answer API with citations and fallback; golden set + evaluation script; KB audit report; Sprint 2 demo (M3) | L7: 46052
A8: Sprint 3 | B8: 46055 | C8: 46066 | D8: =NETWORKDAYS(B8,C8) -> 10 | E8: Customer Chat Experience | F8: Deliver the customer experience: customers sign in, chat with the assistant, see sources and history, and can request a human - with personal data redacted before any LLM call. | G8: F05 Customer Chat; F06 Answer Feedback; F07 Conversation History; F08 Escalation request; F04 PII redaction; F02 Customer OTP sign-in | H8: =COUNTIFS('Sprint Backlog'!$A$6:$A$35,3) -> 6 | I8: =SUMIFS('Sprint Backlog'!$F$6:$F$35,'Sprint Backlog'!$A$6:$A$35,3) -> 34 | J8: Sprint 2 RAG API and guardrails; design handoff (WBS 3.3); email provider domain verified; provider data-handling terms confirmed | K8: Working customer chat with sources and AI label; email-OTP sign-in; feedback control; conversation history; 'Talk to a person' request; PII redaction; AI evaluation run #1; Sprint 3 demo (M4) | L8: 46066
A9: Sprint 4 | B9: 46069 | C9: 46080 | D9: =NETWORKDAYS(B9,C9) -> 10 | E9: Human Handover, Analytics & Hardening | F9: Close the loop with humans and measurement: agents work escalations end-to-end, customers receive replies, managers see analytics and security hardening is complete - feature complete at M5. | G9: F08 Agent Console and reply notifications; F09 Analytics; F10 Security hardening | H9: =COUNTIFS('Sprint Backlog'!$A$6:$A$35,4) -> 6 | I9: =SUMIFS('Sprint Backlog'!$F$6:$F$35,'Sprint Backlog'!$A$6:$A$35,4) -> 34 | J9: Sprint 3 escalation records; email provider for notifications; Support Manager feedback on agent workflow; UAT participants nominated | K9: Escalation queue + agent console; customer reply (in-chat and email); event tracking + manager dashboard; security hardening; feature-complete build (M5); UAT plan ready | L9: 46080
A10: Sprint 5 | B10: 46083 | C10: 46094 | D10: =NETWORKDAYS(B10,C10) -> 10 | E10: Readiness, Release & Closure | F10: Prove readiness and release: privacy retention/deletion, audit logging, performance test, UAT sign-off, production pilot release, hypercare and project closure. | G10: F10 Privacy retention and deletion; F11 Audit logging; F12 Release readiness (performance, UAT, deployment); F13 Guides and training | H10: =COUNTIFS('Sprint Backlog'!$A$6:$A$35,5) -> 6 | I10: =SUMIFS('Sprint Backlog'!$F$6:$F$35,'Sprint Backlog'!$A$6:$A$35,5) -> 29 | J10: UAT participants; Go/No-Go attendance (Sponsor, Security & Privacy Officer); production environment and monitoring ready | K10: UAT sign-off (M6); performance test report; runbook; admin/agent guides + training; Go/No-Go (M7); pilot release (M8); closure report (M9) | L10: 46094
A11: Total | D11: =SUM(D6:D10) -> 50 | H11: =SUM(H6:H10) -> 30 | I11: =SUM(I6:I10) -> 161

Sheet Sprint Backlog
A1: Sprint Backlog (planned commitment per sprint)
A2: SIMULATED PROJECT - Self-directed portfolio case study. Not professional experience, not client work, not employment. All people, figures and outcomes are fictional.
A3: One row per planned story, grouped by sprint. Detailed stories and acceptance criteria: 05_User_Stories.xlsx.
A5: Sprint | B5: Story ID | C5: Deliverable | D5: Epic | E5: Priority | F5: Story points | G5: Primary role | H5: Depends on | I5: Persona
A6: 1 | B6: US-01 | C6: Environments + CI/CD pipeline | D6: EP-1 Platform Foundation & DevOps | E6: Must | F6: 5 | G6: DevOps Engineer | H6: None | I6: Developer
A7: 1 | B7: US-02 | C7: Schema v1 + migrations | D7: EP-1 Platform Foundation & DevOps | E7: Must | F7: 5 | G7: Backend Developer | H7: None | I7: Developer
A8: 1 | B8: US-03 | C8: Clickable prototype | D8: EP-1 Platform Foundation & DevOps | E8: Must | F8: 5 | G8: UI/UX Designer | H8: None | I8: Product Owner
A9: 1 | B9: US-04 | C9: Staff login | D9: EP-2 Identity, Access & Security | E9: Must | F9: 5 | G9: Backend Developer | H9: US-02 | I9: Support Agent, Manager or Admin
A10: 1 | B10: US-05 | C10: RBAC permission model | D10: EP-2 Identity, Access & Security | E10: Must | F10: 3 | G10: Backend Developer | H10: US-04 | I10: Admin
A11: 1 | B11: US-11 | C11: Spike report + recommendation | D11: EP-4 AI Assistant (RAG) | E11: Must | F11: 5 | G11: AI/ML Engineer | H11: None | I11: Product Owner
A12: 2 | B12: US-09 | C12: Admin KB editor | D12: EP-3 Knowledge Base Management | E12: Must | F12: 5 | G12: Frontend Developer | H12: US-02, US-05 | I12: Admin
A13: 2 | B13: US-10 | C13: Bulk import | D13: EP-3 Knowledge Base Management | E13: Should | F13: 5 | G13: Backend Developer | H13: US-09 | I13: Admin
A14: 2 | B14: US-12 | C14: Ingestion pipeline + vector index | D14: EP-4 AI Assistant (RAG) | E14: Must | F14: 8 | G14: AI/ML Engineer | H14: US-02, US-11 | I14: Admin
A15: 2 | B15: US-13 | C15: RAG answer API | D15: EP-4 AI Assistant (RAG) | E15: Must | F15: 8 | G15: AI/ML Engineer | H15: US-12 | I15: Customer
A16: 2 | B16: US-14 | C16: Guardrails + fallback | D16: EP-4 AI Assistant (RAG) | E16: Must | F16: 5 | G16: AI/ML Engineer | H16: US-13 | I16: Customer
A17: 2 | B17: US-15 | C17: Golden set + evaluation script | D17: EP-4 AI Assistant (RAG) | E17: Must | F17: 5 | G17: QA Engineer | H17: US-09 | I17: Product Owner
... A35: 5 | B35: US-30 | C35: Guides + training | D35: EP-9 Release Readiness | E35: Should | F35: 3 | G35: Product Manager | H35: US-09, US-21 | I35: Support Agent or Admin

Sheet Capacity & Velocity
A1: Capacity, Velocity and De-scope Plan
A2: SIMULATED PROJECT - Self-directed portfolio case study. Not professional experience, not client work, not employment. All people, figures and outcomes are fictional.
A3: The team is new and has no historical velocity, so Sprint 1 is deliberately lighter. Planning velocity for later sprints is an assumption (about 34 points, +/- 10%) to be replaced by actual velocity after Sprint 2.
A5: Sprint | B5: Planned SP | C5: Cumulative planned SP | D5: % of MVP scope | E5: Planning basis
A6: 1 | B6: =SUMIFS('Sprint Backlog'!$F$6:$F$35,'Sprint Backlog'!$A$6:$A$35,A6) -> 28 | C6: =SUM($B$6:B6) -> 28 | D6: =C6/$B$11 -> 0.17391304 | E6: Ramp-up sprint: charter, requirements and environments take team time; 28 points planned.
A7: 2 | B7: =SUMIFS('Sprint Backlog'!$F$6:$F$35,'Sprint Backlog'!$A$6:$A$35,A7) -> 36 | C7: =SUM($B$6:B7) -> 64 | D7: =C7/$B$11 -> 0.39751553 | E7: Peak AI build; 36 points is the highest commitment and sits at the top of the +/-10% band.
A8: 3 | B8: =SUMIFS('Sprint Backlog'!$F$6:$F$35,'Sprint Backlog'!$A$6:$A$35,A8) -> 34 | C8: =SUM($B$6:B8) -> 98 | D8: =C8/$B$11 -> 0.60869565 | E8: 34 points: customer chat and escalation request with integration risk (R10).
A9: 4 | B9: =SUMIFS('Sprint Backlog'!$F$6:$F$35,'Sprint Backlog'!$A$6:$A$35,A9) -> 34 | C9: =SUM($B$6:B9) -> 132 | D9: =C9/$B$11 -> 0.81987578 | E9: 34 points: agent console, analytics and hardening; feature complete at M5.
A10: 5 | B10: =SUMIFS('Sprint Backlog'!$F$6:$F$35,'Sprint Backlog'!$A$6:$A$35,A10) -> 29 | C10: =SUM($B$6:B10) -> 161 | D10: =C10/$B$11 -> 1 | E10: 29 points: includes UAT, performance test and release; Should-Have items form the de-scope buffer.
A11: Total | B11: =SUM(B6:B10) -> 161
A13: De-scope order (applied only with Product Owner approval; Sponsor informed)
A14: Order | B14: Story | C14: Points released | D14: Priority | E14: Action
A15: 1 | B15: US-08 | C15: =INDEX('Sprint Backlog'!$F$6:$F$35,MATCH(B15,'Sprint Backlog'!$B$6:$B$35,0)) -> 3 | D15: =INDEX('Sprint Backlog'!$E$6:$E$35,MATCH(B15,'Sprint Backlog'!$B$6:$B$35,0)) -> Should | E15: Defer audit logging to the post-MVP backlog (Should Have; basic access logs remain).
A16: 2 | B16: US-30 | C16: =INDEX('Sprint Backlog'!$F$6:$F$35,MATCH(B16,'Sprint Backlog'!$B$6:$B$35,0)) -> 3 | D16: =INDEX('Sprint Backlog'!$E$6:$E$35,MATCH(B16,'Sprint Backlog'!$B$6:$B$35,0)) -> Should | E16: Reduce guides to a one-page quick reference plus a 30-minute walkthrough.
A17: 3 | B17: US-17 | C17: =INDEX('Sprint Backlog'!$F$6:$F$35,MATCH(B17,'Sprint Backlog'!$B$6:$B$35,0)) -> 3 | D17: =INDEX('Sprint Backlog'!$E$6:$E$35,MATCH(B17,'Sprint Backlog'!$B$6:$B$35,0)) -> Should | E17: Keep thumbs up/down but drop the free-text comment.
A18: 4 | B18: US-10 | C18: =INDEX('Sprint Backlog'!$F$6:$F$35,MATCH(B18,'Sprint Backlog'!$B$6:$B$35,0)) -> 5 | D18: =INDEX('Sprint Backlog'!$E$6:$E$35,MATCH(B18,'Sprint Backlog'!$B$6:$B$35,0)) -> Should | E18: Drop the bulk-import screen; admins use the seed-load script and single-article editor.
A19: 5 | B19: Escalate | C19: - | D19: - | E19: If more is needed, Sponsor decides between (a) a smaller pilot (top 10 content categories) or (b) moving Go/No-Go; Must-Have stories are never silently cut.

Sheet Definition of Done & Ready
A1: Definition of Done (DoD) and Definition of Ready (DoR)
A2: SIMULATED PROJECT - Self-directed portfolio case study. Not professional experience, not client work, not employment. All people, figures and outcomes are fictional.
A3: Agreed at Sprint 1 planning and inspected at every retrospective.
A6: # | B6: Definition of Done: a story is Done when...
A7: 1 | B7: Code is peer-reviewed through a pull request and merged to the main branch.
A8: 2 | B8: Unit tests are written and passing; the CI pipeline is green.
A9: 3 | B9: Acceptance criteria are verified by QA (or demonstrated) and accepted by the Product Owner.
A10: 4 | B10: No Critical or High defects remain open on the story; Medium defects are triaged with a decision.
A11: 5 | B11: The increment is deployed to staging and demonstrated at the sprint review.
A12: 6 | B12: AI stories: evaluated against the golden set, result recorded, and no drop of more than 2 percentage points versus the previous run.
A13: 7 | B13: Security basics: dependency scan has no Critical/High findings, no secrets in code, no personal data in logs.
A14: 8 | B14: Logging and error handling exist for new endpoints.
A15: 9 | B15: API documentation (OpenAPI) and user-facing text are updated.
A16: 10 | B16: New customer-facing screens pass a keyboard-navigation and colour-contrast check.
A19: # | B19: Definition of Ready: a story may enter a sprint when...
A20: 1 | B20: Written as 'As a [user], I want [feature], so that [benefit]'.
A21: 2 | B21: Acceptance criteria are testable (Given / When / Then).
A22: 3 | B22: Estimated at 8 points or fewer; larger stories are split first.
A23: 4 | B23: Dependencies are identified and either complete or scheduled earlier.
A24: 5 | B24: Designs exist for stories with a user interface.
A25: 6 | B25: Priority set by the Product Owner and test data identified.

Sheet Ceremonies
A1: Scrum Cadence
A2: SIMULATED PROJECT - Self-directed portfolio case study. Not professional experience, not client work, not employment. All people, figures and outcomes are fictional.
A3: Sprint length 2 weeks, Monday to Friday. The PM facilitates ceremonies and owns impediment removal; the Product Manager owns the backlog.
A5: Ceremony | B5: When | C5: Duration | D5: Participants | E5: Purpose / output
A6: Sprint planning | B6: Day 1 of sprint (Monday 10:00) | C6: 2 hours | D6: PM, Product Manager, delivery team, QA, UX | E6: Sprint goal and committed stories; capacity and risks checked
A7: Daily stand-up | B7: Daily 09:30 | C7: 15 minutes | D7: Delivery team, PM | E7: Progress and blockers; PM logs impediments and follows up the same day
A8: Backlog refinement | B8: Wednesday of week 2 | C8: 1 hour | D8: Product Manager, PM, technical leads | E8: Next sprint's stories made 'Ready' (see Definition of Ready)
A9: Weekly risk and status check | B9: Thursday 11:00 | C9: 30 minutes | D9: PM and risk owners | E9: Risk, issue and dependency logs updated; status report drafted
A10: Sprint review / steering | B10: Last Friday of sprint, 14:00 | C10: 1 hour | D10: Team, Sponsor, Support Manager, Product Manager, other stakeholders | E10: Demo of working software; evaluation results; decisions logged
A11: Retrospective | B11: Last Friday of sprint, 15:30 | C11: 1 hour | D11: Delivery team and PM | E11: Two or three improvement actions with owners
